,name,code
0,BYC,001460
1,CJ CGV,079160
2,CJ???,011150
3,CJ????,097950
4,DB????,005830
5,DSR??,069730
6,KB??,105560
7,KC?????,009440
8,LG????,108670
9,LS?????,229640
10,MH???,023150
11,S&T???,036530
12,SBS??????,101060
13,SK???,017670
14,STX???,071970
15,????,012200
16,???????,001290
17,????,024110
18,?????,004540
19,????,001260
20,????,025860
21,?????,006370
22,????,003540
23,????,047040
24,????,001130
25,????,003490
26,????,005880
27,????,024900
28,???,145720
29,???,024090
30,?????,011170
31,???,027740
32,???????,008560
33,???,009680
34,??,002760
35,????,003850
36,????,003000
37,????,079660
38,????,028260
39,????????,000810
40,????,002170
41,????,009770
42,????,010960
43,??????,011230
44,???????,075180
45,??,136490
46,??????,000180
47,?????,019440
48,????????,031430
49,????,002870
50,??,004080
51,?????,112610
52,??????,003560
53,???,012750
54,????????,025530
55,???,015360
56,???,007310
57,??,105840
58,?????,049800
59,???,011330
60,????,001200
61,???,214320
62,???,139480
63,??????,007660
64,??????,023800
65,????,129260
66,????,003200
67,?????,020760
68,????,030000
69,???,035000
70,?????,033780
71,??????,900140
72,????????,152330
73,?????,120110
74,???????,012170
75,?????,007980
76,??????,001020
77,????,005430
78,????????,002200
79,??????,015760
80,???????,000970
81,?????,123690
82,??,009240
83,????24???,016450
84,??????,004710
85,????,004960
86,????,052690
87,??,000880
88,?????,079430
89,????,004310
90,???????,126560
91,?????,093240
92,????,008770
93,??,010690
94,???,005010
95,CJ?????,051500
96,DB???,045890
97,GMR ?????,032860
98,IBKS?5???,254120
99,IBKS?8???,277410
100,KD??,044180
101,SCI????,036120
102,SG&G,040610
103,SIMPAC Metal,090730
104,SK?????,036490
105,THE E&M,089230
106,UCI,038340
107,??????3???,219580
108,??????4???,227950
109,??,014200
110,????,053270
111,?????,006050
112,????,060480
113,????,078130
114,??????,900070
115,?????,089600
116,????,085910
117,??????????,153460
118,?????,139670
119,??,217270
120,??????,142280
121,???????,222040
122,??,064260
123,??????,039560
124,????,004780
125,?????,104040
126,?????,045390
127,????,003310
128,?????,021040
129,????3?,226440
130,?????,094170
131,????????,131030
132,????????,196490
133,????,066900
134,??????,127120
135,???,113810
136,?????,068930
137,??????,050120
138,?????,171120
139,?????,084650
140,????,090360
141,???,900260
142,????,067730
143,????,035480
144,???,096640
145,??,149940
146,??SP,001810
147,??,059090
148,???,100120
149,??????,066980
150,????,082920
151,??,065450
152,???????,122350
153,????,023600
154,????,263810
155,??????,089980
156,??????,027040
157,????,014620
158,?????,080470
159,??????,214310
160,??,039310
161,???,066910
162,?????,043100
163,????,154040
164,????????,094840
165,??????,192440
166,????,001000
167,??????,065350
168,?????,138070
169,???3???,257730
170,?????,056700
171,????,208640
172,??,096530
173,??????,013990
174,????????,069920
175,????TV,067160
176,??,255440
177,????????,050320
178,??????,080440
179,?????,028300
180,?????,224110
181,????????,021080
182,??????,038110
183,???,092870
184,??????11?,256840
185,??????12?,273060
186,????,097520
187,????,259630
188,??????,090740
189,??????,143540
190,??24,053280
191,??????,232140
192,????,251370
193,?????,194610
194,??,032940
195,??,008370
196,??,069080
197,???????,203450
198,?????,086390
199,????,264450
200,??,054930
201,?????????2?,215090
202,????,084370
203,????,179900
204,?????,039020
205,??,033110
206,?????????,900110
207,????,067010
208,???,091120
209,???,041830
210,????,079950
211,???,049070
212,????,158310
213,???,017250
214,????????,071200
215,?????,950140
216,?????,049630
217,???,065620
218,????,147830
219,???,079370
220,??????,026040
221,?????,086060
222,?????,004650
223,??,016920
224,???,043290
225,????10???,250930
226,?????,115500
227,??????,105330
228,?????,256940
229,????,054410
230,???,104540
231,???????,241710
232,????,033290
233,??,015710
234,?????,066310
235,??????,058530
236,???,237880
237,??????,215480
238,????,052290
239,???,950160
240,????,064760
241,??????,104480
242,????,150900
243,?????,047310
244,?????,049120
245,??????,140860
246,????,032800
247,????,263750
248,?????,003670
249,?????????,214270
250,???,053610
251,?????,051380
252,???????,050540
253,????,099660
254,???????,042520
255,????,007770
256,??,066110
257,????,039010
258,??????,060560
259,??,134780
260,????,205470
261,???????,199150
262,???,197140
263,????,200350
264,????,200580
265,???,126340
266,????,246830
267,??????,245450
268,????,271400
269,????,203400
270,??????,064850
271,?????,278990
272,???????,251960
273,????,179720
274,????,173130
275,???,084440
276,????,229480
277,??????,219750
278,??,199800
279,???,150440
280,??,284420
281,AJ????,095570
282,AK???,006840
283,CJ,001040
284,DSR,155660
285,JW????,001060
286,KC???,119650
287,KR???,000040
288,LG?????,034220
289,LG??,001120
290,NAVER,035420
291,SBS,034120
292,SK??,018670
293,SPC??,005610
294,STX,011810
295,TCC??,002710
296,WISCOM,024070
297,??,002100
298,?????,037710
299,????,030610
300,????,092440
301,?????,000270
302,?????,013700
303,?????,000320
304,??,019680
305,????,009190
306,??,003090
307,????,024890
308,?????,002880
309,??,012800
310,????,015230
311,???13?????,083380
312,????,084670
313,????,092200
314,???,013570
315,?????,015540
316,????,008420
317,??????,085620
318,????,134380
319,??,003610
320,????,000890
321,???,005180
322,????,001360
323,????,002810
324,????,002450
325,??????,017390
326,????,002820
327,????,004980
328,????,003030
329,?????,075580
330,?????,031440
331,?????,006880
332,?????,005800
333,??????,020560
334,?????,033660
335,????,015260
336,?????,036570
337,?????,017370
338,??,016880
339,?????,003470
340,????,008250
341,????,025820
342,????,005950
343,????,015020
344,???,084680
345,????,006490
346,?????,015860
347,????,271980
348,????,000480
349,?????,018470
350,???,185750
351,??????,063160
352,????,002380
353,????,058860
354,???????,144620
355,???,021240
356,?????,264900
357,?????,010770
358,?????,058430
359,????12?,172580
360,????8?,159650
361,???????,024720
362,??????????,000240
363,??????,034830
364,????,105630
365,????,130660
366,??????,000370
367,??????,086280
368,??????,012630
369,???????,017800
370,?????,057050
371,??,003010
372,????,111110
373,????,010660
374,????,016580
375,?????????,005870
376,????,000540
377,GH???,130500
378,GRT,900290
379,HRS,036640
380,IBKS?3???,225430
381,ITX???,099520
382,KB????,024120
383,KG ETS,151860
384,KG?????,046440
385,KJ???,083470
386,KPX????,114450
387,MP??,065150
388,?????,198440
389,????????,242040
390,???,043650
391,??????,019010
392,????,053260
393,????,049080
394,?????,121600
395,???????,042420
396,????,092600
397,?????,065560
398,?????,054050
399,???,126870
400,???,012340
401,?????,078140
402,?????,036480
403,??????,020180
404,??????,077360
405,??????,263800
406,????,017680
407,???,206560
408,????,025950
409,????,033430
410,???,134580
411,??,131180
412,??????,141080
413,?????,038390
414,????,228850
415,???,038060
416,???????,016100
417,?????,005990
418,????,080160
419,??????,161570
420,?????,095500
421,?????,206640
422,????,053030
423,?????????,208710
424,????,251630
425,????,072950
426,?????,053700
427,??????,111870
428,?????,225190
429,??????,002290
430,????,017480
431,??,263540
432,????,063170
433,????,018680
434,??,011370
435,?????,123420
436,??????,068760
437,????????,091990
438,????,032680
439,??,099440
440,??????????,033790
441,????3?,263770
442,?????,222080
443,?????,115530
444,???,047920
445,??????,074430
446,???,149950
447,?????,068940
448,????,114810
449,???????,139050
450,??????,119830
451,????,131370
452,???,196300
453,??????,052790
454,??,131400
455,???,030960
456,??????,102120
457,????,019990
458,???,097780
459,??????,031330
460,??????,056190
461,????,237690
462,????,043340
463,?????????,067630
464,???,045660
465,????????,063440
466,??,205100
467,????,031860
468,?????,206400
469,??,115960
470,??????,036180
471,????,036560
472,?????,053980
473,?????,241790
474,?????,080580
475,??,067170
476,?????,057540
477,???,123010
478,???-?,019210
479,?????????,122870
480,??,900180
481,???,115440
482,????,101170
483,??AMS,066590
484,?????,030530
485,?????,076080
486,???,039790
487,??,097800
488,?????,142210
489,??????,024800
490,????,060230
491,???,053350
492,??????,036260
493,??????,039030
494,?????,088290
495,??????,189300
496,?????,041020
497,?????,187420
498,???????,033320
499,???????,126880
500,??ILI,044060
501,???????,036930
502,??????,000440
503,????,054180
504,????,043610
505,????,053050
506,??????,119850
507,?????,036890
508,????8???,222390
509,??????,032500
510,?????,094860
511,????,166480
512,???,060280
513,??????,043590
514,????,214150
515,?????,072520
516,??,200230
517,????,026150
518,????,062860
519,???,046210
520,??,043200
521,?????????,214450
522,???,091700
523,?????,194510
524,????,027710
525,?????????,054300
526,??,222110
527,??????,060900
528,????,032580
529,???,054340
530,?????,031980
531,????,002230
532,?????,221840
533,??4???,240540
534,??????,025770
535,??????,030520
536,??????,046110
537,?????,077280
538,????,170030
539,?????,050090
540,????,024060
541,????,167380
542,?????,176750
543,????????????,285770
544,????,199870
545,???,185190
546,????,236030
547,??,103660
548,??????,189540
549,???????,149010
550,???????,252940
551,??????,251540
552,??????,224760
553,???????,183490
554,??,058970
555,?????,226400
556,?????,121060
557,????,101360
558,???,062580
559,????,225220
560,???????,250300
561,?????,221670
562,????,140290
563,????,215570
564,??,180060
565,??,217880
566,???,212310
567,BNK????,138930
568,DRB??,004840
569,E1,017940
570,GS??,006360
571,JW????,234080
572,JW???,096760
573,KPX???,025000
574,KSS??,044450
575,NICE,034310
576,SG????,004060
577,SK????,000660
578,????,002140
579,????,192530
580,??,005320
581,????,014280
582,??????,214330
583,??????,251270
584,???,006280
585,?????,072710
586,????,023590
587,????,006570
588,?????,016710
589,????,014160
590,?????,012510
591,????,001620
592,????,005960
593,???????,102260
594,????,028100
595,????,006040
596,????,001530
597,????,241560
598,??????,032350
599,??????,004000
600,????,002270
601,?????1,094800
602,???????,138040
603,????,002840
604,?????,268280
605,?????,107590
606,????,001270
607,????,001470
608,????,006660
609,???????,028050
610,?????,010140
611,????,003230
612,????,000520
613,???,004690
614,???????,001820
615,???????,000390
616,??,008490
617,????,005980
618,?????,001430
619,??,027970
620,??????,145210
621,?????,003620
622,????,004770
623,????,008700
624,??????,090430
625,????????,002790
626,?????,002310
627,?????,123700
628,??,000670
629,?????,011690
630,????,000220
631,????,000100
632,????,008730
633,????,093230
634,?????,000230
635,???????,020150
636,????,120030
637,??????,011000
638,???,033250
639,?????,145270
640,???,002020
641,????,039490
642,????,006890
643,????,214420
644,??????,004870
645,???,028670
646,?????,047050
647,??,103140
648,?????,002960
649,???????,006200
650,???????,009180
651,?????,018880
652,????,002220
653,??,002320
654,???,180640
655,??????,101530
656,???????,143210
657,??????,005440
658,?????,069960
659,???????,004560
660,?????,006390
661,????,011210
662,??????,267260
663,???????,006060
664,??,004800
665,?? ITX,094280
666,???,069260
667,????,003280
668,CS,065770
669,JYP Ent.,035900
670,RFHIC,218410
671,SGA,049470
672,SK3???,232330
673,W?????,052300
674,????,039240
675,??????,049720
676,??,098460
677,??5???,223040
678,??,187790
679,???,138610
680,???????,036800
681,?????????,072770
682,???,081970
683,???????,144960
684,????,017650
685,???????,007720
686,??????,108380
687,??????,078600
688,?????,065690
689,????,088130
690,??????,104460
691,??????,030350
692,?????,109740
693,??????,090710
694,????,043360
695,??????,082800
696,?????,060240
697,????,058470
698,???????,215200
699,?????,078160
700,??????,058110
701,????,101330
702,???,033200
703,?????,207760
704,???????,029480
705,??,043150
706,????,225530
707,??????,014100
708,??????,083650
709,????,073640
710,??,032280
711,?????,054090
712,?????,091580
713,?????,042940
714,????,042600
715,??,079650
716,????,012860
717,????,093920
718,???????,122690
719,???????,140070
720,?????,171090
721,?????,100700
722,????,024830
723,???????,208370
724,???,086980
725,????,236200
726,???,037760
727,??????,225330
728,???,036170
729,???,083930
730,????,050860
731,???,246720
732,???????,054800
733,????,099190
734,?????,078860
735,????BX,023890
736,?????,123750
737,?????,205500
738,???????,065420
739,??????,103230
740,?????,112240
741,?????,039440
742,????,098660
743,?????,088800
744,????????,239610
745,?????3???,226340
746,?????,044780
747,????,086520
748,??????,065160
749,?????????,067570
750,????,048830
751,???,096870
752,?????,061970
753,?????,033160
754,????,265560
755,????????,900300
756,???,080520
757,???,039830
758,???,010470
759,????,109080
760,?????,057030
761,????,067900
762,?????,153490
763,????,037400
764,????,046940
765,??????,065680
766,???,044340
767,????,038620
768,????,192390
769,???,011320
770,???????,206650
771,????,195990
772,????3?,221200
773,????,041520
774,????????,078020
775,?????,052190
776,???,063760
777,?????,035810
778,?????,090850
779,?????,060150
780,????,216050
781,?????,064290
782,????,175140
783,?????,159580
784,?????,033050
785,????,094970
786,?????,080220
787,????????,041590
788,????,101730
789,???,018290
790,??????,071850
791,???,050110
792,???,214370
793,????,089150
794,?????,025880
795,???,046070
796,???,224060
797,???,069110
798,???,051360
799,?????,038950
800,???,087010
801,??? ICT,022100
802,?????,006140
803,?????,087600
804,??????,067310
805,??????1???,235010
806,???3???,217500
807,??,066130
808,?????,220180
809,????,039610
810,????,086250
811,???,243070
812,??????,189980
813,?????????,223220
814,??,243870
815,????,244880
816,???FNP,086220
817,??????,229500
818,????,238500
819,???????,233250
820,???????,236340
821,?????,267060
822,????,279600
823,?????????,214610
824,???????,199290
825,???,258540
826,??????,235090
827,????????,246250
828,?????????,044990
829,????,227420
830,????,208850
831,??????,138290
832,??????,220250
833,????,205290
834,?????,237720
835,????????????,266870
836,?????,226610
837,BGF???,282330
838,CS???,000590
839,DB,012030
840,GS???,001250
841,JB????,175330
842,KPX?????,083420
843,KPX???,092230
844,KTcs,058850
845,LG,003550
846,SH?????,002360
847,SIMPAC,009160
848,SK??,001510
849,?????,009450
850,??,000050
851,????,009140
852,????,017040
853,????,007690
854,??,001570
855,????,002990
856,?????,002070
857,?????,090350
858,????,001440
859,???????,002150
860,?????,282690
861,??????,002900
862,????,011160
863,????,082740
864,???,115390
865,??????,000400
866,????,280360
867,?????,000060
868,??,033920
869,????,025560
870,??????,007120
871,????,026940
872,??????,015350
873,????,007160
874,????,016360
875,?????,006110
876,???,145990
877,??????,004410
878,????,014910
879,??,004360
880,????,004490
881,?????,058650
882,???,004170
883,????,001720
884,???,002030
885,??????,002250
886,????????,023960
887,??????,078520
888,???,085310
889,????,014440
890,???????,009970
891,????,012280
892,??????,001800
893,?????,095720
894,???,014830
895,???,072130
896,????,003460
897,????,102460
898,??????,034590
899,????,103590
900,????,033240
901,??,000950
902,???????,025620
903,????,089590
904,????,004700
905,??,001550
906,?????,100250
907,?????,009070
908,??????,007810
909,???,071950
910,???????,138490
911,????,015890
912,????,003240
913,????,009410
914,????,001420
915,???,005690
916,???,005490
917,?????,005810
918,????????,019490
919,?????,000080
920,??ANKOR??,152550
921,??????,071050
922,??????,123890
923,????,025890
924,????,017960
925,?????,161390
926,??????,047810
927,????,011500
928,?????,042700
929,????,128940
930,??,020000
931,?????,014680
932,????,009460
933,?????,012450
934,?????,012330
935,?????,005380
936,??????????,227840
937,?????,133820
938,???,079980
939,APS???,054620
940,CJ E&M,130960
941,CMG??,058820
942,EG,037370
943,GST,083450
944,IBKS?6???,264850
945,ISC,095340
946,KCI,036670
947,KG????,035600
948,NE??,053290
949,NICE????,030190
950,SK?????,052260
951,YTN,040300
952,?????,089890
953,????,014570
954,????,026910
955,????,039860
956,??????,130580
957,????,091590
958,?????????,051980
959,????,041140
960,????,031390
961,?????,040160
962,????,068240
963,????,027830
964,????,140520
965,??????,192080
966,????5?,281740
967,?????,033500
968,???????,088910
969,????,078590
970,??????,203650
971,??,217620
972,????,073190
973,???,214680
974,???,101000
975,?????,106520
976,????,105740
977,????,187220
978,??????,171010
979,????,215100
980,??????,071280
981,????,012700
982,???????,098120
983,????,267980
984,??????,127160
985,????,141070
986,????,133750
987,??????,021880
988,???,241770
989,?????????,087260
990,????,118990
991,??????,218150
992,???,214180
993,???????,035620
994,???????,044480
995,???,032980
996,??T&A,046310
997,??,177350
998,???,033560
999,????,090460
1000,?????,100090
1001,????,009300
1002,?????,038070
1003,??????,100660
1004,?????,046890
1005,????,035890
1006,?????,037350
1007,????,043260
1008,?????,011560
1009,?????,036630
1010,?????,067770
1011,????,053450
1012,?????,252500
1013,????,230980
1014,?????,159910
1015,???????,253450
1016,?????,033170
1017,????,025320
1018,???,215600
1019,?????,056000
1020,??????,243840
1021,?????,108320
1022,??,222800
1023,?????,049960
1024,???,050890
1025,???????,264660
1026,???,101240
1027,?????,036010
1028,???,067390
1029,?????,127710
1030,???????,214430
1031,????,226350
1032,????,065660
1033,?????,096610
1034,????,042110
1035,?????,234300
1036,?????,054630
1037,?????,072990
1038,?????,214870
1039,?????,038870
1040,???????,064090
1041,??????,950130
1042,???????,156100
1043,????,073110
1044,???,170920
1045,?????,032790
1046,??,045060
1047,???????,048260
1048,???,057680
1049,??????,052770
1050,????,155650
1051,????,066430
1052,??????,114630
1053,??????,082850
1054,??????,215380
1055,?????,018620
1056,????,014190
1057,???,101160
1058,???,036090
1059,?????,241690
1060,????,032620
1061,???,178780
1062,???????,073490
1063,????,226360
1064,?????,181340
1065,???,096040
1066,????,001840
1067,??????,037330
1068,??????,048530
1069,??,058450
1070,????,019540
1071,????,094820
1072,?????,043910
1073,???,095700
1074,??,123330
1075,???,089790
1076,??????,038010
1077,?????,003380
1078,?????,109820
1079,?????,085660
1080,????,221980
1081,?????,024880
1082,???,049430
1083,??,009730
1084,???,029960
1085,??,225650
1086,????4?,226850
1087,??,044490
1088,???,089030
1089,???,105550
1090,???,033830
1091,???,131760
1092,??????,016670
1093,??,093380
1094,????,023900
1095,?????,195440
1096,???,220100
1097,??????,203690
1098,??????,131390
1099,???,064800
1100,??????,013030
1101,??????,039740
1102,???5???,271740
1103,?????,070300
1104,?????,221610
1105,?????,078350
1106,????,024740
1107,????,079170
1108,????,034810
1109,?????,076610
1110,????,900270
1111,????,076340
1112,????,270020
1113,????????,162120
1114,??,267810
1115,????????,086460
1116,?????,234070
1117,???????,225860
1118,?????,221800
1119,???????,211050
1120,????,120780
1121,????,229000
1122,?????,228760
1123,??,189350
1124,????,116100
1125,?????,202960
1126,????,233990
1127,BGF,027410
1128,CJ??,037560
1129,DB????,016610
1130,KISCO???,001940
1131,LG????,051900
1132,LG????,032640
1133,LG??,066570
1134,LS????,000680
1135,NHN??????,181710
1136,S&TC,100840
1137,S-Oil,010950
1138,SK???,285130
1139,YG PLUS,037270
1140,??????,012320
1141,????,002240
1142,????,009290
1143,??,001140
1144,??,008870
1145,????,001210
1146,?????,073240
1147,????,003920
1148,?????,020120
1149,??????,004440
1150,????,000430
1151,????,003220
1152,????,003830
1153,??????,008000
1154,??,004140
1155,????,016380
1156,????,002210
1157,?????,058730
1158,????,082640
1159,????,018500
1160,??????,163560
1161,???,003160
1162,????,023530
1163,????,004990
1164,??P&P,009580
1165,????,014580
1166,?????1,096300
1167,????,100220
1168,?????,008040
1169,?????,005090
1170,????,009150
1171,????,005930
1172,????,029780
1173,??,001880
1174,??????,041650
1175,??,007540
1176,??,021050
1177,????,002420
1178,????,021820
1179,?????,034300
1180,????,001770
1181,????,090370
1182,???????,122900
1183,???,011090
1184,???,005850
1185,????,140910
1186,?????KIC,007460
1187,???,004250
1188,????,111770
1189,????,006740
1190,????,012160
1191,?????,004720
1192,????,002920
1193,????,000760
1194,????,249420
1195,????,007570
1196,?????????,194370
1197,????,001560
1198,????,006220
1199,??,002600
1200,????,044380
1201,??????,013870
1202,????,051630
1203,???,272450
1204,????,002780
1205,????,000650
1206,???,029460
1207,?????????,053210
1208,????,192820
1209,????????,044820
1210,??????,005070
1211,?????,031820
1212,????????,005740
1213,????????,084870
1214,???,010820
1215,???,017810
1216,????,039130
1217,????3?,153360
1218,??????,004090
1219,??????,002000
1220,??????,007280
1221,???????,010100
1222,?????,060980
1223,????,001750
1224,?????,003300
1225,??KPS,051600
1226,?????,097230
1227,??,005110
1228,????,000720
1229,??????,010620
1230,???????,001500
1231,?????,081660
1232,AP??,211270
1233,DMS,068790
1234,EMW,079190
1235,IBKS?7???,276920
1236,KNN,058400
1237,KTH,036030
1238,SFA???,036540
1239,SGA????,184230
1240,SKC ???,057500
1241,SM C&C,048550
1242,TJ???,032540
1243,TPC,048770
1244,???,079940
1245,????,011040
1246,?????,051490
1247,???,033640
1248,?????,137940
1249,????,225570
1250,?????,144510
1251,????,048470
1252,????,025440
1253,?????,048910
1254,????,131220
1255,????,067080
1256,??????,213420
1257,????,263600
1258,??S&C,100130
1259,??????,075970
1260,????,099410
1261,?????,079960
1262,????,023790
1263,?????,005290
1264,????,092070
1265,?????,033130
1266,???,047440
1267,???,042500
1268,?????,100030
1269,?????,049950
1270,???,201490
1271,?????,084990
1272,????,036620
1273,???,008470
1274,??????,200780
1275,???,086670
1276,????,009620
1277,?????,065570
1278,??,032750
1279,?????,000250
1280,?????,038500
1281,?????,019770
1282,????,189860
1283,????,065710
1284,??,003100
1285,?????,045300
1286,??,053060
1287,??,234100
1288,??,084180
1289,?????,087220
1290,????,002800
1291,????2?,225590
1292,???,222420
1293,???????????,099830
1294,???,058220
1295,???,052710
1296,???,101390
1297,????,124500
1298,????,013310
1299,????????,140670
1300,??????,025980
1301,??????,121890
1302,????,030270
1303,??????,101490
1304,?????,095910
1305,?????,060540
1306,??????,263920
1307,?????,007820
1308,??????,109610
1309,???,069510
1310,?????,041910
1311,?????,052020
1312,????,058610
1313,?????,036810
1314,??????10?,256630
1315,?????,138690
1316,????,066970
1317,???,037950
1318,????,009780
1319,??????,123040
1320,????,046120
1321,??????,014940
1322,??????,065500
1323,?????,138080
1324,???,122990
1325,??????,079000
1326,??????,041190
1327,????,112040
1328,????,048430
1329,???????,078070
1330,????,056080
1331,?-? ?,044960
1332,????????,215790
1333,????,115610
1334,??????3?,225440
1335,??????,080010
1336,?????????,102710
1337,?????,095190
1338,????,033230
1339,?????,051370
1340,????,039290
1341,??????,078940
1342,???,234920
1343,????,022220
1344,?????,045510
1345,???,217190
1346,??????,137950
1347,???,082270
1348,????,034940
1349,????????,208350
1350,????,204840
1351,??????,115450
1352,????,007370
1353,???????,900040
1354,??????,900090
1355,?????,094850
1356,????,066360
1357,???,078340
1358,????,192250
1359,?????,073010
1360,????,027050
1361,???????,102940
1362,????,083790
1363,??????,065130
1364,??,053620
1365,?????,038540
1366,????,054450
1367,????,091440
1368,???,057880
1369,??,108230
1370,?????,066410
1371,??????,130740
1372,???,033540
1373,???????,068050
1374,??????,007330
1375,????,075130
1376,???,241820
1377,???????,166090
1378,?????,024660
1379,??????,041460
1380,??????,053300
1381,????,005860
1382,??????,265920
1383,???????4?,279410
1384,??????,102210
1385,????,008800
1386,??????,026180
1387,????,053660
1388,??I&C,011080
1389,????,064240
1390,????,126640
1391,?????,097870
1392,?????,178600
1393,?????,183410
1394,??,242420
1395,???,210120
1396,???????,135270
1397,?????,210610
1398,???,217320
1399,???,189330
1400,?????,241510
1401,??????????,247300
1402,???,135160
1403,????????,258250
1404,???????,239890
1405,KEC,092220
1406,LF,093050
1407,NH????,005940
1408,S&T???,064960
1409,SK,034730
1410,SK????,001740
1411,SK?????,096770
1412,??????,267290
1413,????,214390
1414,??????,013580
1415,????,010130
1416,??????,011780
1417,??,005720
1418,??????,005250
1419,??,004370
1420,??GDS,004130
1421,??,001680
1422,????,128820
1423,?????,117580
1424,?????,000300
1425,????,001070
1426,????,001790
1427,??,016090
1428,?????,069460
1429,??,004830
1430,????,023450
1431,??,026960
1432,????,005190
1433,????????,000640
1434,??,001520
1435,????,008970
1436,?????,092780
1437,??,003580
1438,????,004890
1439,????,002690
1440,?????,210540
1441,???,026890
1442,??????,071840
1443,??,204320
1444,??????,204210
1445,?????,009200
1446,????,001340
1447,??,035150
1448,????,011390
1449,????,005030
1450,????,003960
1451,?????,014710
1452,????????,207940
1453,?????,068290
1454,?????,272550
1455,????,023000
1456,??THK,004380
1457,????,200880
1458,????I&C,067830
1459,????,004430
1460,?????,016590
1461,????,004970
1462,?????,011930
1463,???I&C,035510
1464,??,009270
1465,????,002700
1466,??????,079440
1467,???????,002630
1468,?????,070960
1469,????,000030
1470,???,008600
1471,?????,033270
1472,???,000910
1473,?????,000700
1474,????,014990
1475,????,008500
1476,??????,001630
1477,??,010580
1478,?????,284740
1479,??????,004100
1480,????,055490
1481,?????,019180
1482,??,134790
1483,???,036580
1484,???,016800
1485,????,090080
1486,???,033180
1487,????2?,099350
1488,????????,000140
1489,????,010040
1490,??????,025540
1491,??,014790
1492,??????,010420
1493,?????,025750
1494,??????,014130
1495,????????,003480
1496,????,088350
1497,????,064350
1498,?????,009540
1499,3S,060310
1500,AP???,265520
1501,C&S????,032040
1502,CNH,023460
1503,CSA ???,083660
1504,DSC??????,241520
1505,KMH???,052900
1506,KT????,060370
1507,NEW,160550
1508,SBI???????,950110
1509,SG,255220
1510,YW,051390
1511,???????,217730
1512,???,063080
1513,?????,038530
1514,???,215000
1515,????,090150
1516,?????,035460
1517,????,095660
1518,????,007390
1519,???,089140
1520,???BT,065170
1521,????,222810
1522,???????,093640
1523,?????,032190
1524,????,020400
1525,????,008830
1526,????,006580
1527,??,007680
1528,?????,071460
1529,?????,010170
1530,?????,090410
1531,????,005160
1532,????,086450
1533,????,041930
1534,?????,060380
1535,????,228340
1536,????,032960
1537,???????,187870
1538,??,039840
1539,????,069540
1540,????,060300
1541,??????,238120
1542,??,016170
1543,??,197210
1544,???????,147760
1545,?????,080420
1546,???,250060
1547,?????,064550
1548,??????,086040
1549,????,250000
1550,??,014470
1551,????,064480
1552,?????,054220
1553,????,043710
1554,?????,178320
1555,????,017510
1556,??,035610
1557,????,036830
1558,??????,050960
1559,??,049830
1560,???4???,277480
1561,??????,010280
1562,??,122800
1563,?????,099320
1564,?????????,260930
1565,?????,031310
1566,???,185490
1567,??????,059100
1568,?????,059120
1569,???????,106080
1570,????,196170
1571,?????,117670
1572,???,174900
1573,????,041440
1574,???,038680
1575,????????,900080
1576,???????,071670
1577,????????,073570
1578,????? H&G,109960
1579,??????,173940
1580,???????,083500
1581,????,101400
1582,???,031510
1583,????????,193250
1584,????,032820
1585,????,215360
1586,???????,072470
1587,??QnC,074600
1588,???????,104830
1589,????,008290
1590,?????,089850
1591,??????,191410
1592,???,088390
1593,???????,272290
1594,?????,086890
1595,???,123570
1596,?????,092130
1597,??,083640
1598,????,115310
1599,????,101930
1600,?????,052670
1601,??????,111820
1602,????,018120
1603,??????,094360
1604,????,039420
1605,????,052400
1606,???,056360
1607,???,121850
1608,???,126600
1609,???????,200130
1610,?????,051780
1611,????,182360
1612,????,054780
1613,?????,079970
1614,?????????,246690
1615,???,037070
1616,?????,170790
1617,???,038160
1618,???,005670
1619,?????,023770
1620,????,161580
1621,????,106190
1622,????TV,039340
1623,????,025550
1624,????,017890
1625,??????,063570
1626,??????,101680
1627,???6???,281410
1628,?????,054040
1629,???,052600
1630,????,123840
1631,??,002680
1632,??????,048410
1633,??????,084110
1634,??,145020
1635,??,010240
1636,?????,272420
1637,????,271850
1638,?????,114920
1639,?????????,220110
1640,???????,215050
1641,???????,245030
1642,??????,260870
1643,?????,154030
1644,????,251280
1645,????????,208890
1646,????,260970
1647,???????,224020
1648,????,183350
1649,??,216280
1650,???,091270
1651,???,230400
1652,???????,228180
1653,????????,222670
1654,DGB????,139130
1655,GKL,114090
1656,GS,078930
1657,GS???,007070
1658,KG???,001390
1659,NI??,008260
1660,OCI,010060
1661,SKC,011790
1662,SK???,210980
1663,????,035250
1664,???????,011420
1665,????,012610
1666,????,004200
1667,????,002720
1668,??,004270
1669,?????,002350
1670,??????,015590
1671,????,008060
1672,????,008110
1673,????,000210
1674,?????,084690
1675,????,009320
1676,????,006340
1677,????,006650
1678,????,001230
1679,?????,007590
1680,???12?????,083370
1681,?????,170900
1682,??????,030790
1683,????,030720
1684,??????,014820
1685,????,000020
1686,???????,042670
1687,?????,034020
1688,??????,005300
1689,????,001080
1690,??????,088980
1691,????,017180
1692,???19?,155900
1693,??,007210
1694,????,006090
1695,??SDI,006400
1696,??????,005680
1697,??????,003720
1698,????,005500
1699,????,009470
1700,????,248170
1701,??,007860
1702,????,007610
1703,??,011300
1704,?????,091090
1705,????,033530
1706,????,005390
1707,????,019170
1708,??,005450
1709,???,102280
1710,??????,003410
1711,?????,004920
1712,??????,183190
1713,??????,039570
1714,????,161000
1715,?????,009810
1716,????,003520
1717,?????,010600
1718,????,010050
1719,?????,103130
1720,??,005820
1721,?????,077500
1722,??,023810
1723,????,013360
1724,????,003120
1725,????,226320
1726,???????,002620
1727,?????,004910
1728,????,003780
1729,???????,010640
1730,???,035720
1731,????,281820
1732,???,030200
1733,????,003690
1734,??????,003070
1735,????7?,140890
1736,??????,086790
1737,????1?,099340
1738,????,071090
1739,??????,036460
1740,??????,023350
1741,????,104700
1742,?????,168490
1743,???????,003350
1744,??,002390
1745,?????,053690
1746,????,003680
1747,??????,011700
1748,???????,009420
1749,?????,009830
1750,??EP,089470
1751,??????,267270
1752,????,000850
1753,GS???,028150
1754,NHN???????,060250
1755,SDN,099220
1756,?????,078890
1757,???,192410
1758,????,024840
1759,??????,094480
1760,????,024910
1761,?????,121440
1762,??7???,267320
1763,???,019660
1764,??????,036190
1765,???,190510
1766,??????,168330
1767,????,212560
1768,???,092730
1769,??????,087730
1770,???,060260
1771,?????,900100
1772,????,120240
1773,????,054670
1774,??????,035290
1775,??????,194480
1776,??????,067990
1777,???4???,230490
1778,????,109860
1779,????,025900
1780,??????,066670
1781,????,079810
1782,?????,042510
1783,????,085370
1784,???,039980
1785,??,131100
1786,????,038290
1787,???,093520
1788,?????,067280
1789,????,041920
1790,????,086900
1791,????,065650
1792,??SCI,028040
1793,????????1?,265480
1794,?????5???,239340
1795,???????,213090
1796,????,064520
1797,??????,142760
1798,????,065940
1799,??????,038460
1800,??,267790
1801,???,121800
1802,????,141000
1803,?????,138580
1804,???,093190
1805,????,014970
1806,??????,024950
1807,????,081580
1808,???AI,108860
1809,????,053110
1810,?????,115570
1811,?????,039670
1812,????,020710
1813,????????,048870
1814,???,131090
1815,????,012790
1816,????,160980
1817,???,051170
1818,????,066790
1819,?????,115480
1820,??????,900120
1821,????,123860
1822,????,092040
1823,??????,227610
1824,????,060570
1825,????,040910
1826,????,038880
1827,??????,052460
1828,????????,148250
1829,????,238090
1830,???????,217480
1831,????,080000
1832,????,160600
1833,???,041510
1834,?????,050760
1835,????????,200710
1836,?????,176440
1837,???????,043220
1838,????,182400
1839,????,043580
1840,????,073540
1841,????????,208860
1842,?????,083310
1843,?????,019590
1844,???,122640
1845,??????,052420
1846,???,046970
1847,???????,073560
1848,??IPS,240810
1849,???,065950
1850,??,196700
1851,??,136540
1852,???,036200
1853,????,049520
1854,????2???,219960
1855,????,056090
1856,??????,258610
1857,???,054210
1858,???,065440
1859,??????,047560
1860,?????,223310
1861,???,134060
1862,????,024810
1863,????,119610
1864,???????,035080
1865,?????,150840
1866,????,049550
1867,????,174880
1868,???,208140
1869,???????,040420
1870,????,033100
1871,?????,019570
1872,?????,096690
1873,????,090470
1874,????,058420
1875,????,023440
1876,????,067000
1877,??,155960
1878,???????,114570
1879,?????,051160
1880,???,026260
1881,???,180400
1882,????,900310
1883,????11???,258790
1884,????9???,232270
1885,???,083550
1886,???,064820
1887,??,217600
1888,??????,047770
1889,??,080530
1890,??,078650
1891,???,036690
1892,???????,045970
1893,??,052330
1894,???,040350
1895,????,115180
1896,???????,900250
1897,?????,219130
1898,???,182690
1899,???,131970
1900,????,131290
1901,????,081150
1902,????,084730
1903,????,177830
1904,??????,106240
1905,???,119500
1906,?????,009520
1907,?????,035200
1908,?????,128660
1909,????10???,270520
1910,????7?SPAC,230240
1911,????9???,261200
1912,??,136480
1913,???,200470
1914,?????,023760
1915,????,021650
1916,?????,037230
1917,?????,047080
1918,??MDS,086960
1919,?????,054920
1920,???????2?,219860
1921,???????3?,264290
1922,????????,220630
1923,?????,204990
1924,????,092300
1925,?????????,204630
1926,??????,028080
1927,???,065510
1928,KC??,112190
1929,SGA????,224880
1930,?????,186230
1931,??????,217950
1932,?????,222160
1933,???????,266170
1934,????,067370
1935,?????,224810
1936,???,140660
1937,??,252370
1938,???,136660
1939,????,284610
1940,?????,277880
1941,????,191600
1942,?????,256090
1943,???????,242350
1944,AJ???,068400
1945,CJ????,000120
1946,DB???,000990
1947,F&F,007700
1948,KGP,109070
1949,KTB????,030210
1950,LG???,011070
1951,LG??,051910
1952,LIG???,079550
1953,LS,006260
1954,LS??,010120
1955,S&T???,003570
1956,SG??,001380
1957,SK?????,006120
1958,STX??,077970
1959,????,000500
1960,??????,000860
1961,???,017900
1962,????,014530
1963,?????,074610
1964,?????,008350
1965,????,000490
1966,?????,005750
1967,??????,042660
1968,????,069620
1969,????,084010
1970,??F&B,049770
1971,??,000150
1972,??,016740
1973,????????,007340
1974,????,012690
1975,???,005360
1976,??????,006800
1977,??????,003650
1978,????,002410
1979,????,032830
1980,???????,018260
1981,?????,000070
1982,????,004450
1983,????,003080
1984,?????,013000
1985,?????,017550
1986,????,029530
1987,????,055550
1988,??????,010780
1989,???,101140
1990,???,001780
1991,???,007630
1992,???????,003060
1993,?????,138250
1994,???,271560
1995,???????,118000
1996,????,006980
1997,???????,047400
1998,????,007110
1999,?????,081000
2000,??????,071320
2001,??,088790
2002,??????,009310
2003,????,012600
2004,???,006380
2005,?????,005420
2006,?????,192400
2007,????,011280
2008,????,078000
2009,????,002300
2010,????,161890
2011,??????,008930
2012,?????,069640
2013,????,213500
2014,?????,004150
2015,??????????,027390
2016,??????,003530
2017,?????,195870
2018,??????,267250
2019,????,011200
2020,????,004020
2021,??????,011760
2022,????,001450
2023,????,002460
2024,??????,013520
2025,????????,241590
2026,?????,032560
2027,??,093370
2028,CJ???,035760
2029,HB?????,078150
2030,JW??,067290
2031,KCC??,021320
2032,KH??,060720
2033,KMH,122450
2034,MP??,219550
2035,NHN??,104200
2036,PN??,024940
2037,S&K???,091340
2038,SBI??????,019550
2039,SBS?????,046140
2040,SKC???PI,178920
2041,iMBC,052220
2042,????,053950
2043,?????,900280
2044,?????,066620
2045,???????,204620
2046,???,151910
2047,????,091970
2048,????,073070
2049,????,069140
2050,????,085670
2051,???,119860
2052,??????4???,262830
2053,????,005710
2054,?????,096350
2055,????,023910
2056,????,013120
2057,??????,263720
2058,???????,033310
2059,??????,219420
2060,?????,072870
2061,???,140410
2062,???????,059210
2063,???,006920
2064,???,018700
2065,?????,006910
2066,????,148140
2067,?????,042370
2068,?????,032850
2069,???????,143240
2070,?????????,123260
2071,?????,018310
2072,????,054540
2073,????,082660
2074,????,037460
2075,??????,046390
2076,??,027580
2077,??T&D,006730
2078,?????,015750
2079,????,049180
2080,????,068270
2081,???,013810
2082,???,269620
2083,?????,025870
2084,??????,017000
2085,????,187270
2086,?????,036710
2087,?????,136510
2088,??????,060590
2089,????,143160
2090,????,052860
2091,???WB,032080
2092,????,001540
2093,??,053800
2094,????,061040
2095,?????,085810
2096,????,096630
2097,?????,003800
2098,????,138360
2099,??????,089530
2100,?????,230360
2101,?????,054940
2102,???,217820
2103,???,069410
2104,???,058630
2105,????,007530
2106,???,036000
2107,????,039200
2108,?????,049480
2109,????,082210
2110,????,012620
2111,???????,095270
2112,?????,114190
2113,???,018000
2114,????,069330
2115,????,023410
2116,???????,067920
2117,????,094190
2118,???,033600
2119,?????,016250
2120,????,108790
2121,?????,068330
2122,?????,065530
2123,?????,054950
2124,??????,036420
2125,?????,033340
2126,????,072020
2127,????,263860
2128,???,065060
2129,????,096240
2130,????,013720
2131,???,047820
2132,?????3???,221950
2133,???????,093320
2134,??????,042040
2135,?????,089010
2136,????,220260
2137,??????,101670
2138,??????,123410
2139,???,183300
2140,???,041960
2141,????,016600
2142,????,114120
2143,???????,045520
2144,????3?,218710
2145,??,023160
2146,??????,191420
2147,?????,123100
2148,??????,066700
2149,??,095610
2150,???,196450
2151,?????,045340
2152,?????,034230
2153,??????,043090
2154,????,043370
2155,????,056730
2156,????,189690
2157,???,141020
2158,?????,039230
2159,????,094940
2160,????,053160
2161,?????,237750
2162,?????,024850
2163,???,137400
2164,????,149980
2165,???????,126700
2166,????,004590
2167,??????,034950
2168,?????,222980
2169,???????,053590
2170,??IMS,092460
2171,??????,070590
2172,?????,045100
2173,????,061250
2174,???,115160
2175,????,200670
2176,??,037440
2177,??,238490
2178,????,232680
2179,????,092590
2180,???,225850
2181,???????,281310
2182,?????,216400
2183,??,206950
2184,???????,148780
2185,?????,110660
2186,???,253840
2187,???,232830
2188,????,270660
2189,???????,270210
2190,????????,158300
2191,????,242850
2192,???,232530
2193,????,240340
2194,???,066830
2195,????????,176560
2196,???????,144740
2197,??????,107640
